[
null,
{"id":1,"list":[{"code":250,"indent":0,"parameters":[{"name":"Item3","volume":90,"pitch":100,"pan":0}]},{"code":101,"indent":0,"parameters":["",0,0,2]},{"code":401,"indent":0,"parameters":["You learnt that \\c[5]A\\c[0] is \\c[3]E\\c[0]!"]},{"code":356,"indent":0,"parameters":["MooseLearn A E"]},{"code":356,"indent":0,"parameters":["MooseLearn a e"]},{"code":0,"indent":0,"parameters":[]}],"name":"Learn A","switchId":1,"trigger":0},
{"id":2,"list":[{"code":250,"indent":0,"parameters":[{"name":"Item3","volume":90,"pitch":100,"pan":0}]},{"code":101,"indent":0,"parameters":["",0,0,2]},{"code":401,"indent":0,"parameters":["You learnt that \\c[5]B\\c[0] is \\c[3]P\\c[0]!"]},{"code":356,"indent":0,"parameters":["MooseLearn B P"]},{"code":356,"indent":0,"parameters":["MooseLearn b p"]},{"code":0,"indent":0,"parameters":[]}],"name":"Learn B","switchId":1,"trigger":0},
{"id":3,"list":[{"code":250,"indent":0,"parameters":[{"name":"Item3","volume":90,"pitch":100,"pan":0}]},{"code":101,"indent":0,"parameters":["",0,0,2]},{"code":401,"indent":0,"parameters":["You learnt that \\c[5]C\\c[0] is \\c[3]S\\c[0]!"]},{"code":356,"indent":0,"parameters":["MooseLearn C S"]},{"code":356,"indent":0,"parameters":["MooseLearn c s"]},{"code":0,"indent":0,"parameters":[]}],"name":"Learn C","switchId":1,"trigger":0},
{"id":4,"list":[{"code":250,"indent":0,"parameters":[{"name":"Item3","volume":90,"pitch":100,"pan":0}]},{"code":101,"indent":0,"parameters":["",0,0,2]},{"code":401,"indent":0,"parameters":["You learnt that \\c[5]D\\c[0] is \\c[3]T\\c[0]!"]},{"code":356,"indent":0,"parameters":["MooseLearn D T"]},{"code":356,"indent":0,"parameters":["MooseLearn d t"]},{"code":0,"indent":0,"parameters":[]}],"name":"Learn D","switchId":1,"trigger":0},
{"id":5,"list":[{"code":250,"indent":0,"parameters":[{"name":"Item3","volume":90,"pitch":100,"pan":0}]},{"code":101,"indent":0,"parameters":["",0,0,2]},{"code":401,"indent":0,"parameters":["You learnt that \\c[5]E\\c[0] is \\c[3]I\\c[0]!"]},{"code":356,"indent":0,"parameters":["MooseLearn E I"]},{"code":356,"indent":0,"parameters":["MooseLearn e i"]},{"code":0,"indent":0,"parameters":[]}],"name":"Learn E","switchId":1,"trigger":0},
{"id":6,"list":[{"code":250,"indent":0,"parameters":[{"name":"Item3","volume":90,"pitch":100,"pan":0}]},{"code":101,"indent":0,"parameters":["",0,0,2]},{"code":401,"indent":0,"parameters":["You learnt that \\c[5]F\\c[0] is \\c[3]W\\c[0]!"]},{"code":356,"indent":0,"parameters":["MooseLearn F W"]},{"code":356,"indent":0,"parameters":["MooseLearn f w"]},{"code":0,"indent":0,"parameters":[]}],"name":"Learn F","switchId":1,"trigger":0},
{"id":7,"list":[{"code":250,"indent":0,"parameters":[{"name":"Item3","volume":90,"pitch":100,"pan":0}]},{"code":101,"indent":0,"parameters":["",0,0,2]},{"code":401,"indent":0,"parameters":["You learnt that \\c[5]G\\c[0] is \\c[3]K\\c[0]!"]},{"code":356,"indent":0,"parameters":["MooseLearn G K"]},{"code":356,"indent":0,"parameters":["MooseLearn g k"]},{"code":0,"indent":0,"parameters":[]}],"name":"Learn G","switchId":1,"trigger":0},
{"id":8,"list":[{"code":250,"indent":0,"parameters":[{"name":"Item3","volume":90,"pitch":100,"pan":0}]},{"code":101,"indent":0,"parameters":["",0,0,2]},{"code":401,"indent":0,"parameters":["You learnt that \\c[5]H\\c[0] is \\c[3]N\\c[0]!"]},{"code":356,"indent":0,"parameters":["MooseLearn H N"]},{"code":356,"indent":0,"parameters":["MooseLearn h n"]},{"code":0,"indent":0,"parameters":[]}],"name":"Learn H","switchId":1,"trigger":0},
{"id":9,"list":[{"code":250,"indent":0,"parameters":[{"name":"Item3","volume":90,"pitch":100,"pan":0}]},{"code":101,"indent":0,"parameters":["",0,0,2]},{"code":401,"indent":0,"parameters":["You learnt that \\c[5]I\\c[0] is \\c[3]U\\c[0]!"]},{"code":356,"indent":0,"parameters":["MooseLearn I U"]},{"code":356,"indent":0,"parameters":["MooseLearn i u"]},{"code":0,"indent":0,"parameters":[]}],"name":"Learn I","switchId":1,"trigger":0},
{"id":10,"list":[{"code":250,"indent":0,"parameters":[{"name":"Item3","volume":90,"pitch":100,"pan":0}]},{"code":101,"indent":0,"parameters":["",0,0,2]},{"code":401,"indent":0,"parameters":["You learnt that \\c[5]J\\c[0] is \\c[3]V\\c[0]!"]},{"code":356,"indent":0,"parameters":["MooseLearn J V"]},{"code":356,"indent":0,"parameters":["MooseLearn j v"]},{"code":0,"indent":0,"parameters":[]}],"name":"Learn J","switchId":1,"trigger":0},
{"id":11,"list":[{"code":250,"indent":0,"parameters":[{"name":"Item3","volume":90,"pitch":100,"pan":0}]},{"code":101,"indent":0,"parameters":["",0,0,2]},{"code":401,"indent":0,"parameters":["You learnt that \\c[5]K\\c[0] is \\c[3]G\\c[0]!"]},{"code":356,"indent":0,"parameters":["MooseLearn K G"]},{"code":356,"indent":0,"parameters":["MooseLearn k g"]},{"code":0,"indent":0,"parameters":[]}],"name":"Learn K","switchId":1,"trigger":0},
{"id":12,"list":[{"code":250,"indent":0,"parameters":[{"name":"Item3","volume":90,"pitch":100,"pan":0}]},{"code":101,"indent":0,"parameters":["",0,0,2]},{"code":401,"indent":0,"parameters":["You learnt that \\c[5]L\\c[0] is \\c[3]C\\c[0]!"]},{"code":356,"indent":0,"parameters":["MooseLearn L C"]},{"code":356,"indent":0,"parameters":["MooseLearn l c"]},{"code":0,"indent":0,"parameters":[]}],"name":"Learn L","switchId":1,"trigger":0},
{"id":13,"list":[{"code":250,"indent":0,"parameters":[{"name":"Item3","volume":90,"pitch":100,"pan":0}]},{"code":101,"indent":0,"parameters":["",0,0,2]},{"code":401,"indent":0,"parameters":["You learnt that \\c[5]M\\c[0] is \\c[3]L\\c[0]!"]},{"code":356,"indent":0,"parameters":["MooseLearn M L"]},{"code":356,"indent":0,"parameters":["MooseLearn m l"]},{"code":0,"indent":0,"parameters":[]}],"name":"Learn M","switchId":1,"trigger":0},
{"id":14,"list":[{"code":250,"indent":0,"parameters":[{"name":"Item3","volume":90,"pitch":100,"pan":0}]},{"code":101,"indent":0,"parameters":["",0,0,2]},{"code":401,"indent":0,"parameters":["You learnt that \\c[5]N\\c[0] is \\c[3]R\\c[0]!"]},{"code":356,"indent":0,"parameters":["MooseLearn N R"]},{"code":356,"indent":0,"parameters":["MooseLearn n r"]},{"code":0,"indent":0,"parameters":[]}],"name":"Learn N","switchId":1,"trigger":0},
{"id":15,"list":[{"code":250,"indent":0,"parameters":[{"name":"Item3","volume":90,"pitch":100,"pan":0}]},{"code":101,"indent":0,"parameters":["",0,0,2]},{"code":401,"indent":0,"parameters":["You learnt that \\c[5]O\\c[0] is \\c[3]Y\\c[0]!"]},{"code":356,"indent":0,"parameters":["MooseLearn O Y"]},{"code":356,"indent":0,"parameters":["MooseLearn o y"]},{"code":0,"indent":0,"parameters":[]}],"name":"Learn O","switchId":1,"trigger":0},
{"id":16,"list":[{"code":250,"indent":0,"parameters":[{"name":"Item3","volume":90,"pitch":100,"pan":0}]},{"code":101,"indent":0,"parameters":["",0,0,2]},{"code":401,"indent":0,"parameters":["You learnt that \\c[5]P\\c[0] is \\c[3]B\\c[0]!"]},{"code":356,"indent":0,"parameters":["MooseLearn P B"]},{"code":356,"indent":0,"parameters":["MooseLearn p b"]},{"code":0,"indent":0,"parameters":[]}],"name":"Learn P","switchId":1,"trigger":0},
{"id":17,"list":[{"code":250,"indent":0,"parameters":[{"name":"Item3","volume":90,"pitch":100,"pan":0}]},{"code":101,"indent":0,"parameters":["",0,0,2]},{"code":401,"indent":0,"parameters":["You learnt that \\c[5]Q\\c[0] is \\c[3]X\\c[0]!"]},{"code":356,"indent":0,"parameters":["MooseLearn Q X"]},{"code":356,"indent":0,"parameters":["MooseLearn q x"]},{"code":0,"indent":0,"parameters":[]}],"name":"Learn Q","switchId":1,"trigger":0},
{"id":18,"list":[{"code":250,"indent":0,"parameters":[{"name":"Item3","volume":90,"pitch":100,"pan":0}]},{"code":101,"indent":0,"parameters":["",0,0,2]},{"code":401,"indent":0,"parameters":["You learnt that \\c[5]R\\c[0] is \\c[3]H\\c[0]!"]},{"code":356,"indent":0,"parameters":["MooseLearn R H"]},{"code":356,"indent":0,"parameters":["MooseLearn r h"]},{"code":0,"indent":0,"parameters":[]}],"name":"Learn R","switchId":1,"trigger":0},
{"id":19,"list":[{"code":250,"indent":0,"parameters":[{"name":"Item3","volume":90,"pitch":100,"pan":0}]},{"code":101,"indent":0,"parameters":["",0,0,2]},{"code":401,"indent":0,"parameters":["You learnt that \\c[5]S\\c[0] is \\c[3]M\\c[0]!"]},{"code":356,"indent":0,"parameters":["MooseLearn S M"]},{"code":356,"indent":0,"parameters":["MooseLearn s m"]},{"code":0,"indent":0,"parameters":[]}],"name":"Learn S","switchId":1,"trigger":0},
{"id":20,"list":[{"code":250,"indent":0,"parameters":[{"name":"Item3","volume":90,"pitch":100,"pan":0}]},{"code":101,"indent":0,"parameters":["",0,0,2]},{"code":401,"indent":0,"parameters":["You learnt that \\c[5]T\\c[0] is \\c[3]D\\c[0]!"]},{"code":356,"indent":0,"parameters":["MooseLearn T D"]},{"code":356,"indent":0,"parameters":["MooseLearn t d"]},{"code":0,"indent":0,"parameters":[]}],"name":"Learn T","switchId":1,"trigger":0},
{"id":21,"list":[{"code":250,"indent":0,"parameters":[{"name":"Item3","volume":90,"pitch":100,"pan":0}]},{"code":101,"indent":0,"parameters":["",0,0,2]},{"code":401,"indent":0,"parameters":["You learnt that \\c[5]U\\c[0] is \\c[3]O\\c[0]!"]},{"code":356,"indent":0,"parameters":["MooseLearn U O"]},{"code":356,"indent":0,"parameters":["MooseLearn u o"]},{"code":0,"indent":0,"parameters":[]}],"name":"Learn U","switchId":1,"trigger":0},
{"id":22,"list":[{"code":250,"indent":0,"parameters":[{"name":"Item3","volume":90,"pitch":100,"pan":0}]},{"code":101,"indent":0,"parameters":["",0,0,2]},{"code":401,"indent":0,"parameters":["You learnt that \\c[5]V\\c[0] is \\c[3]F\\c[0]!"]},{"code":356,"indent":0,"parameters":["MooseLearn V F"]},{"code":356,"indent":0,"parameters":["MooseLearn v f"]},{"code":0,"indent":0,"parameters":[]}],"name":"Learn V","switchId":1,"trigger":0},
{"id":23,"list":[{"code":250,"indent":0,"parameters":[{"name":"Item3","volume":90,"pitch":100,"pan":0}]},{"code":101,"indent":0,"parameters":["",0,0,2]},{"code":401,"indent":0,"parameters":["You learnt that \\c[5]W\\c[0] is \\c[3]Z\\c[0]!"]},{"code":356,"indent":0,"parameters":["MooseLearn W Z"]},{"code":356,"indent":0,"parameters":["MooseLearn w z"]},{"code":0,"indent":0,"parameters":[]}],"name":"Learn W","switchId":1,"trigger":0},
{"id":24,"list":[{"code":250,"indent":0,"parameters":[{"name":"Item3","volume":90,"pitch":100,"pan":0}]},{"code":101,"indent":0,"parameters":["",0,0,2]},{"code":401,"indent":0,"parameters":["You learnt that \\c[5]X\\c[0] is \\c[3]Q\\c[0]!"]},{"code":356,"indent":0,"parameters":["MooseLearn X Q"]},{"code":356,"indent":0,"parameters":["MooseLearn x q"]},{"code":0,"indent":0,"parameters":[]}],"name":"Learn X","switchId":1,"trigger":0},
{"id":25,"list":[{"code":250,"indent":0,"parameters":[{"name":"Item3","volume":90,"pitch":100,"pan":0}]},{"code":101,"indent":0,"parameters":["",0,0,2]},{"code":401,"indent":0,"parameters":["You learnt that \\c[5]Y\\c[0] is \\c[3]A\\c[0]!"]},{"code":356,"indent":0,"parameters":["MooseLearn Y A"]},{"code":356,"indent":0,"parameters":["MooseLearn y a"]},{"code":0,"indent":0,"parameters":[]}],"name":"Learn Y","switchId":1,"trigger":0},
{"id":26,"list":[{"code":250,"indent":0,"parameters":[{"name":"Item3","volume":90,"pitch":100,"pan":0}]},{"code":101,"indent":0,"parameters":["",0,0,2]},{"code":401,"indent":0,"parameters":["You learnt that \\c[5]Z\\c[0] is \\c[3]J\\c[0]!"]},{"code":356,"indent":0,"parameters":["MooseLearn Z J"]},{"code":356,"indent":0,"parameters":["MooseLearn z j"]},{"code":0,"indent":0,"parameters":[]}],"name":"Learn Z","switchId":1,"trigger":0}
]